address,replacement,system
0x00fbc3e0,bb_render_yebis_get_recursive_sample_parameters,render
0x0111a7f0,bb_frame_timing_get_monotonic_ms,frame_timing
0x01388c60,bb_frame_timing_task_run_all_01388c60,frame_timing
0x01388c70,bb_frame_timing_task_run_01388c70,frame_timing
0x013d3520,bb_frame_timing_task_013d3520,frame_timing
0x0143f9f0,bb_frame_timing_task_set_frame_value_0143f9f0,frame_timing
0x016efd00,bb_event_emk_add,event
0x01972900,bb_input_pad_step_01972900,input
0x01c0c2b0,bb_physics_instance_construct_01c0c2b0,physics
0x01cbdb20,bb_character_frame_update_01cbdb20,character
0x01f6a9f0,bb_frame_timing_until_idle_01f6a9f0,frame_timing
0x0200d8a0,bb_frame_timing_until_idle_0200d8a0,frame_timing
0x0200e100,bb_frame_timing_until_idle_0200e100,frame_timing
0x0200e270,bb_frame_timing_request_7_0200e270,frame_timing
0x02012610,bb_frame_timing_until_idle_02012610,frame_timing
0x02012780,bb_frame_timing_request_10_02012780,frame_timing
0x020128f0,bb_frame_timing_until_idle_020128f0,frame_timing
0x02012a60,bb_frame_timing_request_7_02012a60,frame_timing
0x02012bf0,bb_frame_timing_until_idle_02012bf0,frame_timing
0x0222bc10,bb_ai_hk_frame_update_0222bc10,ai
0x02377bd0,bb_render_frame_update_02377bd0,render
0x02418d20,bb_frame_timing_frame_step,frame_timing
0x02434520,bb_frame_timing_flipper_init,frame_timing
0x02434770,bb_frame_timing_pace_frame,frame_timing
0x024512a0,bb_frame_timing_task_frame_024512a0,frame_timing
0x02483e80,bb_kernel_condition_wait,kernel
0x025b2fb0,bb_render_swap_chain_present,render
