address,size,name,system,status,notes
0x004632d0,67,frame_timing_get_time_us,frame_timing,original,dead in the stock game: only unwind entries refer to it; the community frame-rate patches overwrite it as a code cave (gettimeofday in microseconds)
0x0111a7f0,131,frame_timing_get_monotonic_ms,frame_timing,verified,Milliseconds since its first call from CLOCK_MONOTONIC; keeps the first seconds in the clock state object
0x013d3520,87,frame_timing_task_013d3520,frame_timing,verified,per-frame task: passes the frame-time descriptor and its seconds to three parts; Uncap FPS++ edits it
0x016efd00,368,event_emk_add,event,verified,SprjEmkSystem: find or add an event entry in two keyed lists; first advance with the 1/30 s step (1/60 s in the 60 FPS patches)
0x01f6a9f0,121,frame_timing_until_idle_01f6a9f0,frame_timing,replaced,state method: advance the owner one fixed step while busy (1/30 s; 1/60 s in the 60 FPS patches) (a Chalice Dungeon state machine: built next to SprjHolygrail; not reached by the routes yet)
0x0200d8a0,137,frame_timing_until_idle_0200d8a0,frame_timing,replaced,state method: advance the owner one fixed step while busy (1/30 s; 1/60 s in the 60 FPS patches) (a Chalice Dungeon state machine: built next to SprjHolygrail; not reached by the routes yet)
0x0200e100,121,frame_timing_until_idle_0200e100,frame_timing,replaced,state method: advance the owner one fixed step while busy (1/30 s; 1/60 s in the 60 FPS patches) (a Chalice Dungeon state machine: built next to SprjHolygrail; not reached by the routes yet)
0x0200e270,151,frame_timing_request_7_0200e270,frame_timing,replaced,"state method: when idle in states 2..5, request 7 and advance the owner one fixed step (a Chalice Dungeon state machine: built next to SprjHolygrail; not reached by the routes yet)"
0x02012610,121,frame_timing_until_idle_02012610,frame_timing,replaced,state method: advance the owner one fixed step while busy (1/30 s; 1/60 s in the 60 FPS patches) (a Chalice Dungeon state machine: built next to SprjHolygrail; not reached by the routes yet)
0x02012780,122,frame_timing_request_10_02012780,frame_timing,replaced,"state method: when idle, request 10 and advance the owner one fixed step (a Chalice Dungeon state machine: built next to SprjHolygrail; not reached by the routes yet)"
0x020128f0,121,frame_timing_until_idle_020128f0,frame_timing,replaced,state method: advance the owner one fixed step while busy (1/30 s; 1/60 s in the 60 FPS patches) (a Chalice Dungeon state machine: built next to SprjHolygrail; not reached by the routes yet)
0x02012a60,151,frame_timing_request_7_02012a60,frame_timing,replaced,"state method: when idle in states 2..5, request 7 and advance the owner one fixed step (a Chalice Dungeon state machine: built next to SprjHolygrail; not reached by the routes yet)"
0x02012bf0,121,frame_timing_until_idle_02012bf0,frame_timing,replaced,state method: advance the owner one fixed step while busy (1/30 s; 1/60 s in the 60 FPS patches) (a Chalice Dungeon state machine: built next to SprjHolygrail; not reached by the routes yet)
0x02418d20,467,frame_timing_frame_step,frame_timing,verified,Per frame: SprjWindow running check; creates SprjFlipper; calls the limiter; runs the task update; returns running and not quitting
0x02434520,552,frame_timing_flipper_init,frame_timing,verified,SprjFlipper constructor: reads Game.FlipMode (default 4; pending default 3; clamped to 4); unset in the shipped config
0x02434770,2077,frame_timing_pace_frame,frame_timing,verified,Frame limiter: target interval at +0x18 (1/30 or 1/60 s); sleeps then spins; 32-frame ring; every FPS patch edits it
0x02483e80,204,kernel_condition_wait,kernel,verified,Dantelion2 PthreadCondition wait (untimed when timeout is -1); the FPS patches put a ret on the timed path
