function,cases,option,case,reason,date
frame_timing_pace_frame,option-recorded,uncapped,20261006-144633-hook_0000,"recorded 2026-10-06 when BB_TARGET_FPS=uncapped did not wait at all: the case holds the frame's one clock read; with Uncap FPS++ the original waits 1/240 s and keeps reading the clock past the recording (the original runs away: harness exit 4). Cannot be completed without inventing clock reads; re-record with the current option",2026-10-07
frame_timing_pace_frame,option-recorded,uncapped,20261006-144633-hook_0003,"recorded 2026-10-06 when BB_TARGET_FPS=uncapped did not wait at all: the case holds the frame's one clock read; with Uncap FPS++ the original waits 1/240 s and keeps reading the clock past the recording (the original runs away: harness exit 4). Cannot be completed without inventing clock reads; re-record with the current option",2026-10-07
frame_timing_pace_frame,option-recorded,uncapped,20261006-144633-hook_0004,"recorded 2026-10-06 when BB_TARGET_FPS=uncapped did not wait at all: the case holds the frame's one clock read; with Uncap FPS++ the original waits 1/240 s and keeps reading the clock past the recording (the original runs away: harness exit 4). Cannot be completed without inventing clock reads; re-record with the current option",2026-10-07
frame_timing_pace_frame,option-recorded,uncapped,20261006-144633-hook_0005,"recorded 2026-10-06 when BB_TARGET_FPS=uncapped did not wait at all: the case holds the frame's one clock read; with Uncap FPS++ the original waits 1/240 s and keeps reading the clock past the recording (the original runs away: harness exit 4). Cannot be completed without inventing clock reads; re-record with the current option",2026-10-07
frame_timing_pace_frame,option-recorded,uncapped,20261006-144633-hook_0006,"recorded 2026-10-06 when BB_TARGET_FPS=uncapped did not wait at all: the case holds the frame's one clock read; with Uncap FPS++ the original waits 1/240 s and keeps reading the clock past the recording (the original runs away: harness exit 4). Cannot be completed without inventing clock reads; re-record with the current option",2026-10-07
frame_timing_pace_frame,option-recorded,uncapped,20261006-144633-hook_0007,"recorded 2026-10-06 when BB_TARGET_FPS=uncapped did not wait at all: the case holds the frame's one clock read; with Uncap FPS++ the original waits 1/240 s and keeps reading the clock past the recording (the original runs away: harness exit 4). Cannot be completed without inventing clock reads; re-record with the current option",2026-10-07
frame_timing_pace_frame,option-recorded,uncapped,20261006-144633-hook_0008,"recorded 2026-10-06 when BB_TARGET_FPS=uncapped did not wait at all: the case holds the frame's one clock read; with Uncap FPS++ the original waits 1/240 s and keeps reading the clock past the recording (the original runs away: harness exit 4). Cannot be completed without inventing clock reads; re-record with the current option",2026-10-07
frame_timing_pace_frame,option-recorded,uncapped,20261006-144633-hook_0009,"recorded 2026-10-06 when BB_TARGET_FPS=uncapped did not wait at all: the case holds the frame's one clock read; with Uncap FPS++ the original waits 1/240 s and keeps reading the clock past the recording (the original runs away: harness exit 4). Cannot be completed without inventing clock reads; re-record with the current option",2026-10-07
frame_timing_pace_frame,option-recorded,uncapped,20261006-144633-hook_0010,"recorded 2026-10-06 when BB_TARGET_FPS=uncapped did not wait at all: the case holds the frame's one clock read; with Uncap FPS++ the original waits 1/240 s and keeps reading the clock past the recording (the original runs away: harness exit 4). Cannot be completed without inventing clock reads; re-record with the current option",2026-10-07
frame_timing_pace_frame,option-recorded,uncapped,20261006-144633-hook_0011,"recorded 2026-10-06 when BB_TARGET_FPS=uncapped did not wait at all: the case holds the frame's one clock read; with Uncap FPS++ the original waits 1/240 s and keeps reading the clock past the recording (the original runs away: harness exit 4). Cannot be completed without inventing clock reads; re-record with the current option",2026-10-07
frame_timing_pace_frame,option-recorded,uncapped,20261006-144633-hook_0013,"recorded 2026-10-06 when BB_TARGET_FPS=uncapped did not wait at all: the case holds the frame's one clock read; with Uncap FPS++ the original waits 1/240 s and keeps reading the clock past the recording (the original runs away: harness exit 4). Cannot be completed without inventing clock reads; re-record with the current option",2026-10-07
frame_timing_pace_frame,option-recorded,uncapped,20261006-144633-hook_0014,"recorded 2026-10-06 when BB_TARGET_FPS=uncapped did not wait at all: the case holds the frame's one clock read; with Uncap FPS++ the original waits 1/240 s and keeps reading the clock past the recording (the original runs away: harness exit 4). Cannot be completed without inventing clock reads; re-record with the current option",2026-10-07
frame_timing_pace_frame,option-recorded,uncapped,20261006-144633-hook_0015,"recorded 2026-10-06 when BB_TARGET_FPS=uncapped did not wait at all: the case holds the frame's one clock read; with Uncap FPS++ the original waits 1/240 s and keeps reading the clock past the recording (the original runs away: harness exit 4). Cannot be completed without inventing clock reads; re-record with the current option",2026-10-07
frame_timing_pace_frame,option-recorded,uncapped,20261006-144633-hook_0016,"recorded 2026-10-06 when BB_TARGET_FPS=uncapped did not wait at all: the case holds the frame's one clock read; with Uncap FPS++ the original waits 1/240 s and keeps reading the clock past the recording (the original runs away: harness exit 4). Cannot be completed without inventing clock reads; re-record with the current option",2026-10-07
frame_timing_pace_frame,option-recorded,uncapped,20261006-144633-hook_0017,"recorded 2026-10-06 when BB_TARGET_FPS=uncapped did not wait at all: the case holds the frame's one clock read; with Uncap FPS++ the original waits 1/240 s and keeps reading the clock past the recording (the original runs away: harness exit 4). Cannot be completed without inventing clock reads; re-record with the current option",2026-10-07
frame_timing_pace_frame,option-recorded,uncapped,20261006-144633-hook_0018,"recorded 2026-10-06 when BB_TARGET_FPS=uncapped did not wait at all: the case holds the frame's one clock read; with Uncap FPS++ the original waits 1/240 s and keeps reading the clock past the recording (the original runs away: harness exit 4). Cannot be completed without inventing clock reads; re-record with the current option",2026-10-07
frame_timing_pace_frame,option-recorded,uncapped,20261006-144633-hook_0019,"recorded 2026-10-06 when BB_TARGET_FPS=uncapped did not wait at all: the case holds the frame's one clock read; with Uncap FPS++ the original waits 1/240 s and keeps reading the clock past the recording (the original runs away: harness exit 4). Cannot be completed without inventing clock reads; re-record with the current option",2026-10-07
frame_timing_pace_frame,option-recorded,uncapped,20261006-144633-hook_0020,"recorded 2026-10-06 when BB_TARGET_FPS=uncapped did not wait at all: the case holds the frame's one clock read; with Uncap FPS++ the original waits 1/240 s and keeps reading the clock past the recording (the original runs away: harness exit 4). Cannot be completed without inventing clock reads; re-record with the current option",2026-10-07
frame_timing_pace_frame,option-recorded,uncapped,20261006-144633-hook_0021,"recorded 2026-10-06 when BB_TARGET_FPS=uncapped did not wait at all: the case holds the frame's one clock read; with Uncap FPS++ the original waits 1/240 s and keeps reading the clock past the recording (the original runs away: harness exit 4). Cannot be completed without inventing clock reads; re-record with the current option",2026-10-07
frame_timing_pace_frame,option-recorded,uncapped,20261006-144633-hook_0022,"recorded 2026-10-06 when BB_TARGET_FPS=uncapped did not wait at all: the case holds the frame's one clock read; with Uncap FPS++ the original waits 1/240 s and keeps reading the clock past the recording (the original runs away: harness exit 4). Cannot be completed without inventing clock reads; re-record with the current option",2026-10-07
frame_timing_pace_frame,option-recorded,uncapped,20261006-144633-hook_0023,"recorded 2026-10-06 when BB_TARGET_FPS=uncapped did not wait at all: the case holds the frame's one clock read; with Uncap FPS++ the original waits 1/240 s and keeps reading the clock past the recording (the original runs away: harness exit 4). Cannot be completed without inventing clock reads; re-record with the current option",2026-10-07
frame_timing_pace_frame,option-recorded,uncapped,20261006-144633-hook_0024,"recorded 2026-10-06 when BB_TARGET_FPS=uncapped did not wait at all: the case holds the frame's one clock read; with Uncap FPS++ the original waits 1/240 s and keeps reading the clock past the recording (the original runs away: harness exit 4). Cannot be completed without inventing clock reads; re-record with the current option",2026-10-07
