address,name,date,reviewer,verdict,notes
0x00fbc3e0,render_yebis_get_recursive_sample_parameters,2026-10-07,independent session,approved,readable refactor of the transcription (STYLE.md); every recorded and edge case re-run
0x0111a7f0,frame_timing_get_monotonic_ms,2026-10-07,independent session,approved,readable refactor of the transcription (STYLE.md); every recorded and edge case re-run
0x01388c60,frame_timing_task_run_all_01388c60,2026-10-07,independent session,approved,readable refactor of the transcription (STYLE.md); every recorded and edge case re-run
0x01388c70,frame_timing_task_run_01388c70,2026-10-07,independent session,approved,readable refactor of the transcription (STYLE.md); every recorded and edge case re-run
0x0138a370,frame_timing_task_dispatch_0138a370,2026-10-07,independent session,approved,readable refactor of the transcription (STYLE.md); every recorded and edge case re-run
0x013d3520,frame_timing_task_013d3520,2026-10-07,independent session,approved,readable refactor of the transcription (STYLE.md); every recorded and edge case re-run
0x0143e490,frame_timing_task_flush_queue_0143e490,2026-10-07,independent session,approved,readable refactor of the transcription (STYLE.md); every recorded and edge case re-run
0x0143f9f0,frame_timing_task_set_frame_value_0143f9f0,2026-10-07,independent session,approved,readable refactor of the transcription (STYLE.md); every recorded and edge case re-run
0x014400a0,frame_timing_task_workers_step_014400a0,2026-10-07,independent session,approved,readable refactor of the transcription (STYLE.md); every recorded and edge case re-run
0x016efd00,event_emk_add,2026-10-07,independent session,approved,readable refactor of the transcription (STYLE.md); every recorded and edge case re-run
0x01972900,input_pad_step_01972900,2026-10-07,independent session,approved,readable refactor of the transcription (STYLE.md); every recorded and edge case re-run
0x01c0c2b0,physics_instance_construct_01c0c2b0,2026-10-07,independent session,approved,readable refactor of the transcription (STYLE.md); every recorded and edge case re-run
0x01cbdb20,character_frame_update_01cbdb20,2026-10-07,independent session,approved,readable refactor of the transcription (STYLE.md); every recorded and edge case re-run
0x01f6a9f0,frame_timing_until_idle_01f6a9f0,2026-10-07,independent session,approved,readable refactor of the transcription (STYLE.md); every recorded and edge case re-run
0x0200d8a0,frame_timing_until_idle_0200d8a0,2026-10-07,independent session,approved,readable refactor of the transcription (STYLE.md); every recorded and edge case re-run
0x0200e100,frame_timing_until_idle_0200e100,2026-10-07,independent session,approved,readable refactor of the transcription (STYLE.md); every recorded and edge case re-run
0x0200e270,frame_timing_request_7_0200e270,2026-10-07,independent session,approved,readable refactor of the transcription (STYLE.md); every recorded and edge case re-run
0x02012610,frame_timing_until_idle_02012610,2026-10-07,independent session,approved,readable refactor of the transcription (STYLE.md); every recorded and edge case re-run
0x02012780,frame_timing_request_10_02012780,2026-10-07,independent session,approved,readable refactor of the transcription (STYLE.md); every recorded and edge case re-run
0x020128f0,frame_timing_until_idle_020128f0,2026-10-07,independent session,approved,readable refactor of the transcription (STYLE.md); every recorded and edge case re-run
0x02012a60,frame_timing_request_7_02012a60,2026-10-07,independent session,approved,readable refactor of the transcription (STYLE.md); every recorded and edge case re-run
0x02012bf0,frame_timing_until_idle_02012bf0,2026-10-07,independent session,approved,readable refactor of the transcription (STYLE.md); every recorded and edge case re-run
0x0222bc10,ai_hk_frame_update_0222bc10,2026-10-07,independent session,approved,readable refactor of the transcription (STYLE.md); every recorded and edge case re-run
0x02377bd0,render_frame_update_02377bd0,2026-10-07,independent session,approved,readable refactor of the transcription (STYLE.md); every recorded and edge case re-run
0x02418d20,frame_timing_frame_step,2026-10-07,independent session,approved,readable refactor of the transcription (STYLE.md); every recorded and edge case re-run
0x02434520,frame_timing_flipper_init,2026-10-07,independent session,approved,readable refactor of the transcription (STYLE.md); every recorded and edge case re-run
0x02434770,frame_timing_pace_frame,2026-10-07,independent session,approved,readable refactor of the transcription (STYLE.md); every recorded and edge case re-run
0x024512a0,frame_timing_task_frame_024512a0,2026-10-07,independent session,approved,readable refactor of the transcription (STYLE.md); every recorded and edge case re-run
0x02483e80,kernel_condition_wait,2026-10-07,independent session,approved,readable refactor of the transcription (STYLE.md); every recorded and edge case re-run
0x025b2fb0,render_swap_chain_present,2026-10-07,independent session,approved,readable refactor of the transcription (STYLE.md); every recorded and edge case re-run
