function,cases,option,total,passed,failed,quarantined,source,date
ai_hk_frame_update_0222bc10,recorded,,203,203,0,0,f6e94c85e455f408,2026-10-07
ai_hk_frame_update_0222bc10,recorded,30,203,203,0,0,f6e94c85e455f408,2026-10-07
ai_hk_frame_update_0222bc10,recorded,60,203,203,0,0,f6e94c85e455f408,2026-10-07
ai_hk_frame_update_0222bc10,recorded,uncapped,203,203,0,0,f6e94c85e455f408,2026-10-07
ai_hk_frame_update_0222bc10,edge,,33,33,0,0,f6e94c85e455f408,2026-10-07
ai_hk_frame_update_0222bc10,edge,30,33,33,0,0,f6e94c85e455f408,2026-10-07
ai_hk_frame_update_0222bc10,edge,60,33,33,0,0,f6e94c85e455f408,2026-10-07
ai_hk_frame_update_0222bc10,edge,uncapped,33,33,0,0,f6e94c85e455f408,2026-10-07
character_frame_update_01cbdb20,recorded,,457,457,0,0,545bc142fc42f3d7,2026-10-07
character_frame_update_01cbdb20,edge,,39,39,0,0,545bc142fc42f3d7,2026-10-07
event_emk_add,recorded,,150,150,0,0,3ee030443c8ddb20,2026-10-07
event_emk_add,edge,,18,18,0,0,3ee030443c8ddb20,2026-10-07
frame_timing_flipper_init,recorded,,13,13,0,0,5128205a09595cf1,2026-10-07
frame_timing_flipper_init,edge,,9,9,0,0,5128205a09595cf1,2026-10-07
frame_timing_frame_step,recorded,,769,769,0,0,aba5a18f249d7c0a,2026-10-07
frame_timing_frame_step,edge,,18,18,0,0,aba5a18f249d7c0a,2026-10-07
frame_timing_get_monotonic_ms,recorded,,1767,1767,0,0,6680cb72bb22c75f,2026-10-07
frame_timing_get_monotonic_ms,edge,,10,10,0,0,6680cb72bb22c75f,2026-10-07
frame_timing_pace_frame,recorded,,585,585,0,0,4bbd7eb43bcd63a7,2026-10-07
frame_timing_pace_frame,edge,,26,26,0,0,4bbd7eb43bcd63a7,2026-10-07
frame_timing_request_10_02012780,edge,,5,5,0,0,f66717c039a43525,2026-10-07
frame_timing_request_7_0200e270,edge,,12,12,0,0,f66717c039a43525,2026-10-07
frame_timing_request_7_02012a60,edge,,12,12,0,0,f66717c039a43525,2026-10-07
frame_timing_task_013d3520,recorded,,208,208,0,0,6b0399562c05eeec,2026-10-07
frame_timing_task_013d3520,edge,,11,11,0,0,6b0399562c05eeec,2026-10-07
frame_timing_task_dispatch_0138a370,recorded,,51,51,0,0,51d85e9a031e635a,2026-10-07
frame_timing_task_dispatch_0138a370,edge,,7,7,0,0,51d85e9a031e635a,2026-10-07
frame_timing_task_flush_queue_0143e490,recorded,,200,200,0,0,51d85e9a031e635a,2026-10-07
frame_timing_task_flush_queue_0143e490,edge,,4,4,0,0,51d85e9a031e635a,2026-10-07
frame_timing_task_frame_024512a0,recorded,,51,51,0,0,51d85e9a031e635a,2026-10-07
frame_timing_task_frame_024512a0,edge,,2,2,0,0,51d85e9a031e635a,2026-10-07
frame_timing_task_run_01388c70,recorded,,51,51,0,0,51d85e9a031e635a,2026-10-07
frame_timing_task_run_01388c70,edge,,7,7,0,0,51d85e9a031e635a,2026-10-07
frame_timing_task_run_all_01388c60,recorded,,209,209,0,0,51d85e9a031e635a,2026-10-07
frame_timing_task_run_all_01388c60,edge,,4,4,0,0,51d85e9a031e635a,2026-10-07
frame_timing_task_set_frame_value_0143f9f0,recorded,,209,209,0,0,51d85e9a031e635a,2026-10-07
frame_timing_task_set_frame_value_0143f9f0,edge,,7,7,0,0,51d85e9a031e635a,2026-10-07
frame_timing_task_workers_step_014400a0,recorded,,53,53,0,0,51d85e9a031e635a,2026-10-07
frame_timing_task_workers_step_014400a0,edge,,1,1,0,0,51d85e9a031e635a,2026-10-07
frame_timing_until_idle_01f6a9f0,edge,,5,5,0,0,,2026-10-07
frame_timing_until_idle_0200d8a0,edge,,5,5,0,0,,2026-10-07
frame_timing_until_idle_0200e100,edge,,5,5,0,0,,2026-10-07
frame_timing_until_idle_02012610,edge,,5,5,0,0,,2026-10-07
frame_timing_until_idle_020128f0,edge,,5,5,0,0,,2026-10-07
frame_timing_until_idle_02012bf0,edge,,5,5,0,0,,2026-10-07
input_pad_step_01972900,recorded,,202,202,0,0,f1089b8dd304385e,2026-10-07
input_pad_step_01972900,edge,,13,13,0,0,f1089b8dd304385e,2026-10-07
kernel_condition_wait,recorded,,527,527,0,0,afa1a2dc2395536a,2026-10-07
kernel_condition_wait,edge,,12,12,0,0,afa1a2dc2395536a,2026-10-07
physics_instance_construct_01c0c2b0,recorded,,119,119,0,0,36ab799ed0be903d,2026-10-07
physics_instance_construct_01c0c2b0,edge,,21,21,0,0,36ab799ed0be903d,2026-10-07
render_frame_update_02377bd0,recorded,,208,208,0,0,4a2fa00ab1dcfd59,2026-10-07
render_frame_update_02377bd0,edge,,12,12,0,0,4a2fa00ab1dcfd59,2026-10-07
render_swap_chain_present,recorded,,209,209,0,0,ded19a3861ab3d05,2026-10-07
render_swap_chain_present,edge,,23,23,0,0,ded19a3861ab3d05,2026-10-07
render_yebis_get_recursive_sample_parameters,recorded,,234,234,0,0,798d627022343d57,2026-10-07
render_yebis_get_recursive_sample_parameters,edge,,23,23,0,0,798d627022343d57,2026-10-07
